Date,Bitcoin (BTC),Ethereum (ETH),BNB Chain (BNB),Cardano (ADA),Solana (SOL),Terra (LUNA),Avalanche (AVAX),Polkadot (DOT),Polygon (MATIC),Cosmos (ATOM),Algorand (ALGO),NEAR (NEAR)
2020-10-15,11512.3,377.91,31.35,0.11,2.27,0.33,4.13,4.1,0.02,5.77,0.32,1.12
2020-10-16,11325.37,365.69,30.07,0.1,2.15,0.32,4.04,3.91,0.02,5.41,0.3,0.82
2020-10-17,11369.83,368.63,30.27,0.11,2.21,0.32,4.19,3.97,0.02,5.47,0.31,0.81
2020-10-18,11510.05,378.42,30.68,0.11,2.22,0.31,4.13,4.11,0.02,5.77,0.32,0.87
2020-10-19,11758.02,379.53,29.93,0.11,2.06,0.32,4.05,3.99,0.02,5.51,0.3,0.8
2020-10-20,11921.28,368.92,28.85,0.1,1.89,0.31,3.8,3.91,0.02,5.03,0.29,0.68
2020-10-21,12805.89,391.22,29.79,0.11,1.89,0.31,3.97,4.14,0.02,5.24,0.3,0.71
2020-10-22,12977.35,414.36,30.67,0.11,1.96,0.32,4.34,4.27,0.02,5.45,0.32,0.75
2020-10-23,12935.12,409.56,30.67,0.11,1.96,0.32,4.25,4.27,0.02,5.36,0.31,0.73
2020-10-24,13119.11,412.51,30.69,0.11,1.92,0.31,4.19,4.36,0.02,5.54,0.31,0.74
2020-10-25,13036.17,406.2,30.16,0.11,1.8,0.31,4.15,4.34,0.02,5.3,0.3,0.85
2020-10-26,13065.37,393.1,31.08,0.1,1.68,0.3,4.15,4.71,0.02,5.15,0.29,0.78
2020-10-27,13642.27,403.65,31.5,0.1,1.71,0.31,4.12,4.68,0.02,5.14,0.29,0.76
2020-10-28,13277.46,388.66,30.37,0.1,1.48,0.31,4.06,4.36,0.02,4.8,0.28,0.7
2020-10-29,13457.65,387.38,29.88,0.1,1.43,0.3,3.78,4.06,0.01,4.63,0.26,0.69
2020-10-30,13561.92,382.73,28.51,0.09,1.44,0.3,3.73,4.09,0.01,4.62,0.25,0.63
2020-10-31,13792.55,386.73,28.53,0.09,1.54,0.3,3.64,4.18,0.01,4.61,0.25,0.64
2020-11-01,13729.43,396.53,28.55,0.1,1.61,0.3,3.68,4.22,0.01,4.74,0.26,0.64
2020-11-02,13551.6,383.28,27.82,0.09,1.48,0.29,3.62,4.03,0.01,4.61,0.25,0.61
2020-11-03,14024.22,388.0,26.88,0.09,1.41,0.29,3.34,4.03,0.01,4.47,0.23,0.56
2020-11-04,14150.5,402.95,27.0,0.1,1.39,0.29,3.18,4.1,0.01,4.39,0.24,0.53
2020-11-05,15604.46,417.1,27.72,0.1,1.4,0.3,3.34,4.23,0.01,4.51,0.25,0.69
2020-11-06,15597.04,456.39,29.08,0.11,1.91,0.31,3.6,4.59,0.02,4.88,0.28,0.72
2020-11-07,14835.49,435.79,27.79,0.1,2.03,0.29,3.42,4.24,0.01,4.62,0.26,0.7
2020-11-08,15480.7,454.6,28.43,0.11,2.16,0.3,3.47,4.37,0.02,4.81,0.27,0.82
2020-11-09,15334.48,444.58,28.11,0.11,2.03,0.3,3.41,4.34,0.02,5.15,0.26,0.93
2020-11-10,15307.3,450.88,28.25,0.11,2.24,0.31,3.58,4.42,0.02,5.09,0.29,0.95
2020-11-11,15696.28,463.67,28.04,0.11,2.0,0.32,3.49,4.45,0.02,5.03,0.28,0.86
2020-11-12,16314.97,462.85,27.71,0.1,1.91,0.32,3.43,4.4,0.02,5.03,0.27,0.79
2020-11-13,16327.27,476.74,28.23,0.11,2.02,0.32,3.68,4.54,0.02,5.21,0.28,0.9
2020-11-14,16071.5,461.07,27.96,0.1,1.92,0.31,3.49,4.46,0.02,5.04,0.27,0.87
2020-11-15,15946.2,448.3,27.7,0.1,2.04,0.31,3.55,4.36,0.02,4.97,0.26,0.83
2020-11-16,16720.14,460.73,27.97,0.1,2.26,0.31,3.7,4.49,0.02,5.08,0.27,0.87
2020-11-17,17676.57,482.61,28.59,0.11,2.19,0.31,3.84,4.78,0.02,5.29,0.27,0.93
2020-11-18,17786.12,478.66,28.12,0.11,2.11,0.32,3.75,4.67,0.02,5.1,0.27,0.83
2020-11-19,17825.9,472.32,27.94,0.11,2.04,0.33,3.59,4.7,0.02,5.07,0.26,0.84
2020-11-20,18684.7,510.61,29.0,0.12,2.13,0.34,3.72,5.24,0.02,5.27,0.28,0.95
2020-11-21,18703.93,552.54,30.53,0.13,2.38,0.35,4.03,5.78,0.02,5.93,0.32,1.19
2020-11-22,18434.3,560.57,30.05,0.15,2.15,0.35,3.89,5.52,0.02,5.48,0.3,1.08
2020-11-23,18372.3,609.02,31.02,0.15,2.28,0.38,4.07,5.91,0.02,5.82,0.34,1.17
2020-11-24,19168.06,605.24,33.96,0.17,2.27,0.41,4.26,5.73,0.02,5.96,0.36,1.24
2020-11-25,18713.38,569.4,31.3,0.16,2.27,0.41,4.05,5.3,0.02,5.91,0.34,1.1
2020-11-26,17169.7,520.42,28.27,0.14,1.9,0.35,3.53,4.81,0.02,5.33,0.3,1.01
2020-11-27,17150.16,518.92,28.48,0.14,1.84,0.38,3.56,4.74,0.02,5.36,0.3,0.98
2020-11-28,17735.4,538.02,29.17,0.17,1.89,0.39,3.64,4.89,0.02,5.43,0.31,1.02
2020-11-29,18200.01,576.67,30.13,0.17,1.92,0.38,3.7,5.2,0.02,5.43,0.32,1.01
2020-11-30,19704.01,616.87,31.5,0.17,1.97,0.4,3.7,5.38,0.02,5.58,0.33,1.08
2020-12-01,18784.54,585.96,30.23,0.16,1.97,0.39,3.56,5.09,0.02,5.26,0.31,1.06
2020-12-02,19222.13,597.51,30.31,0.16,2.12,0.41,3.74,5.47,0.02,5.52,0.34,1.18
2020-12-03,19440.18,616.46,30.73,0.16,2.1,0.5,3.82,5.4,0.02,5.51,0.34,1.16
2020-12-04,18657.35,567.54,29.04,0.15,1.85,0.45,3.54,5.0,0.02,5.05,0.33,1.1
2020-12-05,19158.83,597.09,29.74,0.16,1.98,0.51,3.64,5.18,0.02,5.26,0.34,1.11
2020-12-06,19376.1,602.13,29.24,0.16,1.85,0.5,3.61,5.13,0.02,5.16,0.34,1.03
2020-12-07,19176.89,591.52,29.38,0.15,1.83,0.51,3.39,5.06,0.02,5.1,0.33,1.01
2020-12-08,18313.23,554.65,27.65,0.14,1.66,0.47,3.11,4.74,0.02,4.74,0.3,0.93
2020-12-09,18548.17,573.38,28.15,0.15,1.66,0.49,3.26,4.87,0.02,4.8,0.31,1.0
2020-12-10,18254.41,558.89,27.69,0.14,1.57,0.48,3.14,4.8,0.02,4.66,0.29,0.96
2020-12-11,18037.61,544.36,27.35,0.14,1.44,0.46,3.24,4.61,0.02,4.71,0.29,0.87
2020-12-12,18815.68,568.31,28.17,0.14,1.49,0.48,3.34,4.74,0.02,5.07,0.31,0.92
2020-12-13,19163.83,590.5,29.14,0.15,1.57,0.48,3.34,4.89,0.02,5.19,0.31,0.95
2020-12-14,19270.45,586.23,30.03,0.16,1.59,0.47,3.14,4.9,0.02,5.23,0.31,0.99
2020-12-15,19436.29,589.02,29.52,0.15,1.76,0.48,3.3,5.24,0.02,5.29,0.33,1.01
2020-12-16,21358.63,637.81,30.59,0.17,1.79,0.51,3.34,5.37,0.02,5.49,0.34,1.05
2020-12-17,22811.02,643.05,30.24,0.16,1.68,0.48,3.21,5.35,0.02,5.36,0.33,1.0
2020-12-18,23138.06,654.58,31.02,0.17,1.7,0.53,3.41,5.36,0.02,5.33,0.35,1.01
2020-12-19,23850.65,658.76,33.49,0.16,1.69,0.54,3.47,5.34,0.02,5.29,0.36,1.05
2020-12-20,23475.54,636.28,34.32,0.16,1.56,0.48,3.31,5.14,0.02,5.02,0.34,1.04
2020-12-21,22723.1,607.79,32.06,0.15,1.54,0.47,3.15,4.97,0.02,5.03,0.33,1.26
2020-12-22,23820.56,636.78,33.52,0.16,1.49,0.51,3.08,5.15,0.02,4.95,0.34,1.16
2020-12-23,23228.63,585.41,31.18,0.14,1.21,0.46,2.95,4.72,0.02,4.4,0.29,0.96
2020-12-24,23725.79,612.23,32.49,0.15,1.36,0.52,3.1,5.11,0.02,4.96,0.31,1.06
2020-12-25,24706.34,626.74,33.19,0.16,1.45,0.54,2.95,5.21,0.02,4.91,0.31,1.02
2020-12-26,26463.33,636.62,33.49,0.16,1.33,0.54,2.92,5.19,0.02,4.81,0.31,1.02
2020-12-27,26250.46,684.08,33.62,0.15,1.31,0.55,2.9,5.14,0.02,4.84,0.32,1.2
2020-12-28,27032.29,729.23,35.88,0.18,1.52,0.62,2.96,6.59,0.02,5.38,0.36,1.22
2020-12-29,27360.01,731.41,39.03,0.19,1.67,0.65,2.92,7.53,0.02,5.62,0.35,1.16
2020-12-30,28886.32,752.46,38.16,0.18,1.54,0.67,2.92,7.24,0.02,5.43,0.34,1.21
2020-12-31,28961.16,737.26,37.41,0.18,1.51,0.66,3.23,9.27,0.02,6.47,0.34,1.39
2021-01-01,29402.18,730.76,37.86,0.18,1.85,0.65,3.67,8.3,0.02,5.88,0.4,1.36
2021-01-02,32200.2,774.91,38.25,0.18,1.8,0.63,3.5,9.21,0.02,5.42,0.41,1.41
2021-01-03,33061.91,979.67,41.3,0.21,2.18,0.66,3.48,10.14,0.02,5.84,0.43,1.47
2021-01-04,32013.66,1042.28,41.15,0.23,2.49,0.67,3.6,9.52,0.02,6.05,0.45,1.39
2021-01-05,34033.03,1102.65,41.92,0.26,2.17,0.72,4.27,9.74,0.02,6.21,0.48,1.5
2021-01-06,36845.43,1211.06,42.33,0.33,1.94,0.72,4.59,10.09,0.04,6.7,0.51,1.54
2021-01-07,39485.04,1226.14,43.63,0.3,2.37,0.86,4.47,9.65,0.03,6.27,0.46,1.5
2021-01-08,40638.66,1218.09,42.4,0.3,3.23,0.85,5.71,9.31,0.03,5.94,0.46,1.74
2021-01-09,40258.28,1281.04,44.01,0.33,3.39,0.82,7.22,9.77,0.03,6.57,0.49,1.77
2021-01-10,38177.89,1255.11,42.42,0.3,3.46,0.84,6.55,9.29,0.03,6.41,0.46,1.74
2021-01-11,35435.65,1087.93,38.2,0.28,3.11,0.74,6.47,8.28,0.03,5.72,0.42,1.48
2021-01-12,34033.13,1050.04,38.26,0.29,3.63,0.75,7.73,8.31,0.03,5.71,0.4,1.43
2021-01-13,37380.06,1130.06,40.12,0.31,3.52,0.82,8.47,10.95,0.03,6.24,0.45,1.61
2021-01-14,39115.16,1230.65,41.83,0.31,3.28,0.83,9.31,14.48,0.03,6.47,0.46,1.72
2021-01-15,36751.12,1168.66,40.89,0.3,3.25,0.79,9.38,13.17,0.03,7.9,0.49,1.83
2021-01-16,35999.69,1227.89,43.13,0.35,3.43,0.76,12.84,17.98,0.03,9.03,0.52,2.08
2021-01-17,35824.86,1232.46,45.86,0.38,3.82,0.81,13.18,17.08,0.03,8.54,0.59,2.5
2021-01-18,36635.74,1258.63,45.35,0.37,3.79,0.8,12.7,16.59,0.04,9.54,0.57,2.41
2021-01-19,35910.44,1367.23,42.55,0.37,3.63,0.91,11.75,16.4,0.03,8.9,0.52,2.17
2021-01-20,35500.98,1377.98,42.63,0.38,3.72,0.9,12.38,17.99,0.03,8.91,0.55,2.48
2021-01-21,30834.98,1110.64,38.61,0.31,2.99,0.79,11.32,15.98,0.03,7.16,0.46,2.16
2021-01-22,32978.66,1234.03,40.93,0.35,3.34,0.81,12.72,17.14,0.03,7.99,0.51,2.37
2021-01-23,32104.27,1234.49,40.94,0.35,3.51,0.9,12.89,18.76,0.03,8.34,0.56,2.39
2021-01-24,32294.12,1393.66,41.87,0.35,3.63,0.91,12.49,18.0,0.03,8.25,0.56,2.56
2021-01-25,32263.03,1318.24,41.84,0.34,3.7,0.87,12.18,17.21,0.03,7.74,0.56,2.45
2021-01-26,32510.01,1367.78,41.89,0.34,4.05,1.27,12.21,17.12,0.04,7.74,0.6,2.38
2021-01-27,30420.1,1241.26,40.96,0.31,3.68,1.12,11.18,15.46,0.04,6.97,0.54,2.04
2021-01-28,33447.71,1332.79,42.64,0.35,3.82,1.46,12.0,16.91,0.04,8.06,0.56,2.25
2021-01-29,34258.7,1379.68,42.88,0.35,3.83,1.47,11.63,16.8,0.04,7.98,0.64,2.2
2021-01-30,34307.32,1379.7,44.84,0.36,4.23,1.44,12.05,16.56,0.04,8.06,0.67,2.17
2021-01-31,33127.64,1313.97,44.38,0.35,4.26,1.46,13.49,16.13,0.04,8.15,0.65,2.15
2021-02-01,33539.1,1374.76,51.49,0.41,4.61,1.8,13.22,16.44,0.04,9.28,0.64,2.27
2021-02-02,35504.72,1513.51,51.05,0.43,5.24,2.36,13.48,17.19,0.04,8.9,0.65,2.46
2021-02-03,37676.07,1666.93,52.21,0.44,5.74,2.12,14.86,20.88,0.04,9.32,0.75,2.56
2021-02-04,36981.97,1597.33,56.03,0.44,6.42,2.67,15.3,19.69,0.05,9.16,0.71,2.5
2021-02-05,38318.49,1720.37,67.72,0.54,6.7,2.88,17.9,20.85,0.05,12.21,0.83,2.86
2021-02-06,39227.84,1678.99,72.91,0.64,6.12,2.69,18.11,20.39,0.05,12.09,0.81,2.69
2021-02-07,38863.06,1614.47,68.48,0.66,6.71,3.09,23.76,19.77,0.07,13.86,0.85,3.4
2021-02-08,46445.55,1752.66,79.93,0.68,7.87,5.78,30.11,23.02,0.07,14.18,1.01,3.46
2021-02-09,46496.44,1771.93,107.54,0.71,7.81,6.48,31.89,23.12,0.1,15.07,1.03,3.31
2021-02-10,44842.78,1742.52,129.0,0.94,9.09,6.1,54.78,23.6,0.12,14.99,1.03,3.25
2021-02-11,48099.28,1787.53,124.15,0.93,9.22,5.49,47.08,25.03,0.12,17.64,1.24,3.45
2021-02-12,47407.35,1844.59,136.95,0.93,9.23,5.74,48.47,28.71,0.12,21.13,1.72,4.73
2021-02-13,47219.19,1817.57,133.51,0.91,8.75,5.61,43.14,27.99,0.11,20.28,1.67,4.82
2021-02-14,48647.2,1802.9,136.03,0.84,8.73,5.64,37.58,26.91,0.1,19.13,1.47,4.32
2021-02-15,47928.93,1779.65,130.24,0.86,8.86,5.45,38.08,27.81,0.11,22.49,1.36,4.03
2021-02-16,49262.76,1783.31,130.22,0.87,8.3,6.52,36.34,30.09,0.11,25.11,1.31,4.09
2021-02-17,52158.95,1850.97,165.45,0.89,8.24,7.28,36.88,32.0,0.11,23.86,1.37,4.24
2021-02-18,51584.6,1939.74,195.52,0.91,8.98,6.69,40.99,31.11,0.12,23.06,1.4,4.44
2021-02-19,55951.08,1957.13,333.44,0.93,11.49,6.32,38.79,34.86,0.15,22.93,1.37,4.39
2021-02-20,55898.16,1914.85,253.33,1.12,9.99,5.95,36.04,38.97,0.14,21.64,1.31,4.01
2021-02-21,57475.84,1935.57,295.57,1.1,11.09,6.13,36.22,39.64,0.16,21.62,1.31,4.11
2021-02-22,54129.46,1778.58,267.66,1.1,14.41,7.07,32.25,37.66,0.15,21.14,1.14,3.74
2021-02-23,48909.55,1578.18,231.68,0.96,15.22,6.73,27.6,34.56,0.14,20.11,1.01,3.38
2021-02-24,49734.21,1625.31,254.73,1.05,17.39,6.67,29.8,33.68,0.16,19.52,1.06,3.58
2021-02-25,47085.02,1482.18,234.87,1.08,13.87,5.98,26.87,31.24,0.18,17.74,0.98,3.89
2021-02-26,46309.91,1445.2,221.81,1.24,13.61,5.89,25.99,31.44,0.19,18.87,0.97,4.23
2021-02-27,46168.28,1460.03,225.65,1.32,13.21,5.91,25.81,33.49,0.2,19.16,1.1,4.01
2021-02-28,45223.36,1421.7,210.58,1.31,13.11,5.36,24.0,33.86,0.23,17.67,1.02,3.82
2021-03-01,49611.57,1570.98,255.12,1.3,14.98,6.75,27.51,35.67,0.25,18.71,1.09,4.2
2021-03-02,48500.72,1488.73,239.95,1.22,13.96,6.48,27.13,36.18,0.23,18.87,1.08,4.04
2021-03-03,50379.5,1568.47,240.69,1.21,14.09,7.2,27.23,37.08,0.22,21.44,1.18,4.17
2021-03-04,48372.15,1539.17,229.64,1.11,13.06,7.47,25.77,35.23,0.2,18.84,1.09,4.54
2021-03-05,48774.49,1529.06,225.55,1.16,12.55,8.47,24.26,33.63,0.21,18.69,1.05,4.17
2021-03-06,48900.35,1651.17,226.47,1.13,13.05,8.25,24.92,33.38,0.21,18.92,1.05,4.05
2021-03-07,50984.95,1726.99,240.11,1.13,13.82,8.24,26.7,35.11,0.21,19.48,1.11,4.28
2021-03-08,52402.1,1834.05,240.65,1.12,13.62,9.68,25.63,34.99,0.22,19.4,1.16,4.58
2021-03-09,54919.75,1871.75,293.39,1.2,14.85,11.66,34.34,38.22,0.3,21.12,1.18,5.41
2021-03-10,55875.76,1795.76,278.56,1.13,14.22,11.12,29.63,37.56,0.29,19.61,1.11,5.31
2021-03-11,57802.94,1826.61,290.1,1.13,16.04,10.81,30.82,36.92,0.41,19.34,1.08,6.07
2021-03-12,57232.05,1766.66,263.22,1.03,14.56,14.15,27.96,35.97,0.41,18.57,1.05,6.92
2021-03-13,61174.19,1921.38,276.16,1.1,15.29,14.59,30.88,37.14,0.42,19.37,1.14,7.39
2021-03-14,58980.63,1848.22,263.25,1.05,14.46,15.82,28.86,36.45,0.38,18.45,1.12,6.61
2021-03-15,55623.08,1793.95,254.54,1.03,14.17,16.29,28.97,34.31,0.39,19.86,1.19,5.9
2021-03-16,56916.06,1805.59,258.58,1.25,13.64,19.9,33.05,35.41,0.37,21.01,1.2,6.39
2021-03-17,58908.92,1823.54,269.8,1.38,14.21,18.51,32.69,36.11,0.4,20.9,1.29,6.23
2021-03-18,57642.07,1775.98,261.48,1.23,14.21,18.92,33.21,35.34,0.39,22.1,1.26,6.05
2021-03-19,58045.14,1809.56,263.01,1.3,14.16,19.85,37.33,38.18,0.41,22.19,1.25,6.17
2021-03-20,58106.77,1805.98,264.31,1.2,14.18,20.83,34.2,37.24,0.38,20.9,1.21,6.28
2021-03-21,57368.1,1783.73,264.77,1.19,14.34,21.91,32.82,36.7,0.38,20.52,1.18,6.04
2021-03-22,54103.94,1681.61,254.97,1.1,14.8,19.33,29.19,35.26,0.35,19.19,1.1,5.41
2021-03-23,54347.45,1668.2,255.43,1.12,14.16,16.94,28.46,34.21,0.33,18.72,1.11,5.31
2021-03-24,52295.92,1582.11,248.51,1.07,13.6,16.52,25.82,30.22,0.32,17.44,1.03,4.85
2021-03-25,51319.3,1586.67,234.07,1.1,12.99,16.38,25.83,29.81,0.3,17.11,1.04,4.81
2021-03-26,55058.52,1699.85,256.11,1.22,14.78,18.4,28.29,33.2,0.34,18.96,1.12,5.48
2021-03-27,55840.94,1713.42,269.33,1.18,16.47,18.66,27.63,32.59,0.33,18.71,1.16,5.33
2021-03-28,55770.16,1686.81,268.44,1.19,18.07,18.52,28.71,32.23,0.35,19.32,1.23,5.6
2021-03-29,57626.18,1816.48,275.23,1.2,18.93,18.87,29.5,34.35,0.38,20.27,1.4,5.81
2021-03-30,58776.68,1841.54,311.44,1.21,19.09,18.61,29.63,34.0,0.37,19.98,1.33,6.35
2021-03-31,58855.46,1920.49,302.55,1.19,19.4,18.67,28.74,37.09,0.36,19.1,1.37,6.0
2021-04-01,58716.18,1967.87,334.73,1.18,19.04,18.4,28.25,37.45,0.36,19.48,1.32,5.97
2021-04-02,58976.88,2134.45,338.38,1.19,19.75,18.47,29.04,41.04,0.38,20.32,1.36,5.98
2021-04-03,57075.67,2009.39,322.08,1.16,22.48,18.0,28.18,41.38,0.35,20.05,1.26,5.69
2021-04-04,58220.43,2076.6,349.04,1.18,23.78,18.17,29.17,44.32,0.36,21.54,1.31,6.09
2021-04-05,59131.7,2107.39,368.05,1.21,22.98,17.56,31.27,45.81,0.37,21.43,1.4,6.13
2021-04-06,58008.93,2112.6,403.43,1.25,25.07,16.71,31.49,43.35,0.37,21.65,1.4,6.77
2021-04-07,56010.0,1963.63,375.42,1.17,26.54,15.44,29.5,39.51,0.34,19.56,1.3,6.12
2021-04-08,58074.76,2080.36,418.61,1.22,26.95,15.75,30.74,41.32,0.36,20.53,1.35,6.81
2021-04-09,58116.8,2066.22,453.68,1.2,27.63,15.63,31.49,40.79,0.37,21.39,1.39,6.42
2021-04-10,59757.78,2133.24,471.25,1.22,26.79,15.48,31.77,41.57,0.36,21.02,1.39,6.5
2021-04-11,60055.85,2150.89,525.52,1.26,27.85,15.11,31.58,41.29,0.37,23.35,1.52,6.89
2021-04-12,59843.12,2137.24,596.6,1.31,28.53,14.62,33.79,40.45,0.36,22.0,1.48,6.73
2021-04-13,63631.41,2299.93,551.58,1.41,27.45,15.63,33.66,42.94,0.42,23.83,1.52,6.51
2021-04-14,63026.71,2432.89,550.03,1.45,26.41,15.27,38.35,42.49,0.41,27.07,1.46,6.34
2021-04-15,63224.17,2516.69,542.43,1.48,27.81,16.87,37.04,43.47,0.44,27.81,1.57,6.53
2021-04-16,61412.75,2425.61,508.94,1.41,25.33,15.76,35.49,41.44,0.44,25.5,1.51,5.94
2021-04-17,60056.66,2319.2,515.07,1.37,24.88,15.2,33.98,42.09,0.4,24.36,1.7,5.88
2021-04-18,56304.32,2240.82,482.38,1.28,32.39,13.41,29.38,37.43,0.36,21.45,1.46,5.16
2021-04-19,55686.68,2163.17,504.51,1.2,31.52,13.87,26.21,34.77,0.33,19.24,1.29,4.75
2021-04-20,56561.35,2334.59,587.59,1.27,31.74,13.44,27.44,35.46,0.34,21.28,1.29,4.95
2021-04-21,53923.2,2358.42,543.53,1.2,32.6,13.25,25.83,33.8,0.36,19.56,1.21,4.78
2021-04-22,51710.0,2399.19,505.35,1.14,38.9,13.63,23.99,32.96,0.35,18.74,1.16,4.79
2021-04-23,51229.06,2370.29,527.18,1.16,37.36,14.11,23.57,32.28,0.38,20.53,1.17,4.66
2021-04-24,50111.39,2216.56,497.55,1.1,40.9,15.6,21.87,29.01,0.35,18.48,1.09,4.25
2021-04-25,49121.77,2322.7,505.62,1.09,47.48,17.73,21.64,29.86,0.39,18.72,1.1,4.65
2021-04-26,54048.75,2534.77,535.76,1.24,43.9,17.64,26.47,33.43,0.54,22.08,1.24,5.03
2021-04-27,55138.21,2669.13,569.38,1.31,43.22,17.71,27.99,34.86,0.83,23.08,1.31,5.16
2021-04-28,54885.99,2750.39,563.21,1.34,44.87,16.84,28.32,34.0,0.78,22.96,1.29,4.91
2021-04-29,53601.03,2759.6,599.79,1.31,42.52,16.26,27.94,36.01,0.89,22.25,1.32,5.5
2021-04-30,57757.15,2775.66,623.36,1.35,42.85,16.71,32.85,36.56,0.82,22.74,1.4,5.56
2021-05-01,57848.18,2947.46,620.6,1.35,49.63,16.56,31.84,36.94,0.79,23.82,1.39,5.51
2021-05-02,56618.21,2951.56,622.26,1.33,46.95,17.15,31.31,36.65,0.82,23.11,1.39,5.28
2021-05-03,57209.0,3432.78,676.68,1.36,45.97,17.26,35.9,37.28,0.8,22.97,1.44,5.48
2021-05-04,53237.46,3241.24,609.68,1.27,42.67,16.3,30.42,34.8,0.7,20.97,1.27,4.82
2021-05-05,57502.3,3530.83,653.62,1.48,45.03,17.04,35.33,40.48,0.81,24.91,1.44,5.25
2021-05-06,56433.33,3492.04,634.43,1.65,43.52,16.78,38.09,41.59,0.76,25.55,1.54,5.21
2021-05-07,57363.21,3482.82,624.84,1.65,43.21,16.56,37.92,39.9,0.75,28.66,1.58,5.32
2021-05-08,58944.25,3915.19,647.05,1.62,45.69,17.01,38.44,39.96,0.85,29.55,1.52,5.24
2021-05-09,58301.81,3927.94,662.47,1.77,44.36,17.01,39.0,40.34,0.97,28.73,1.52,5.07
2021-05-10,56027.29,3953.48,631.86,1.64,42.92,15.87,34.7,36.52,0.88,25.37,1.37,4.7
2021-05-11,56749.69,4178.59,672.8,1.77,44.63,16.33,36.83,38.69,1.07,26.95,1.48,4.95
2021-05-12,49504.04,3822.25,594.66,1.57,43.56,14.64,32.87,35.06,1.05,22.99,1.27,4.84
2021-05-13,49902.27,3721.12,571.22,1.93,41.05,15.9,35.03,39.99,1.05,23.51,1.35,5.49
2021-05-14,49890.6,4079.99,603.3,2.01,42.74,16.42,37.01,48.05,1.48,25.88,1.48,5.74
2021-05-15,46939.24,3649.92,563.73,2.18,43.49,15.19,34.46,43.65,1.6,24.5,1.39,5.95
2021-05-16,46473.78,3585.99,564.67,2.3,46.78,16.18,36.58,42.46,1.73,24.29,1.4,5.88
2021-05-17,43671.67,3284.98,512.34,2.03,46.72,14.96,33.68,38.72,1.73,21.1,1.29,5.73
2021-05-18,42993.18,3379.03,508.26,2.0,56.0,15.67,36.92,40.62,2.44,22.85,1.37,5.68
2021-05-19,36759.91,2444.73,335.62,1.47,35.19,9.51,23.11,25.11,1.62,13.8,0.94,3.61
2021-05-20,40691.87,2775.35,391.99,1.8,44.51,10.37,25.13,29.01,1.83,16.95,1.11,4.2
2021-05-21,37328.64,2435.27,326.61,1.55,38.96,8.27,21.86,24.44,1.49,13.6,0.98,3.47
2021-05-22,37489.57,2297.33,300.08,1.46,31.26,6.6,18.82,22.08,1.19,12.25,0.97,3.17
2021-05-23,34804.38,2101.01,261.17,1.32,24.57,4.09,15.63,17.94,1.08,11.66,0.82,2.66
2021-05-24,38849.53,2651.08,346.11,1.55,31.45,6.64,19.42,23.29,1.75,14.56,0.98,3.27
2021-05-25,38372.1,2707.66,343.59,1.55,30.03,6.66,19.47,22.18,1.94,13.94,0.98,3.34
2021-05-26,39295.81,2889.17,379.68,1.78,35.48,7.35,20.83,24.56,2.21,15.29,1.02,3.54
2021-05-27,38554.13,2744.23,370.04,1.66,33.77,6.71,19.13,24.0,2.04,14.54,0.98,3.35
2021-05-28,35763.57,2414.36,328.97,1.51,29.01,5.9,16.73,21.36,1.82,12.7,0.9,2.92
2021-05-29,34622.57,2279.68,305.26,1.4,27.4,5.5,16.19,19.89,1.7,12.07,0.83,2.7
2021-05-30,35663.4,2387.05,325.79,1.58,28.6,6.21,16.53,20.48,1.87,12.56,0.85,3.12
2021-05-31,37272.79,2707.28,353.54,1.74,32.77,6.55,18.15,23.28,1.87,13.96,0.94,3.36
2021-06-01,36685.07,2633.94,362.3,1.74,30.94,6.29,17.75,22.83,1.82,13.75,0.9,3.24
2021-06-02,37573.7,2706.42,401.54,1.75,33.98,6.84,18.69,25.92,1.8,14.86,1.02,3.31
2021-06-03,39244.87,2857.14,428.54,1.85,39.58,7.68,20.28,27.01,1.82,16.67,1.11,3.61
2021-06-04,36852.27,2690.86,390.9,1.71,37.38,6.38,18.25,25.01,1.63,15.07,1.03,3.17
2021-06-05,35624.26,2630.63,390.29,1.66,39.67,6.04,17.23,23.78,1.53,14.87,0.98,3.29
2021-06-06,35804.81,2712.09,393.8,1.68,42.22,6.25,17.38,24.19,1.58,15.13,1.02,3.2
2021-06-07,33573.46,2593.27,358.06,1.57,38.25,5.59,15.54,21.7,1.49,13.46,0.96,2.93
2021-06-08,33407.06,2509.35,352.82,1.58,41.28,5.6,14.81,21.67,1.48,13.57,0.94,2.9
2021-06-09,37400.1,2611.08,375.65,1.63,42.05,6.02,15.4,23.22,1.49,13.94,1.04,3.23
2021-06-10,36690.32,2472.02,352.05,1.53,41.1,6.14,14.19,22.69,1.36,12.83,1.05,2.97
2021-06-11,37333.38,2354.51,345.78,1.44,36.16,5.56,13.41,20.95,1.25,11.94,0.97,3.02
2021-06-12,35550.81,2370.95,343.81,1.48,36.48,5.5,13.55,20.74,1.34,11.62,0.99,2.92
2021-06-13,39017.92,2509.24,365.83,1.56,38.72,6.05,14.76,22.04,1.47,12.53,1.04,3.14
2021-06-14,40873.98,2588.8,370.32,1.58,39.7,6.2,15.12,25.87,1.55,13.31,1.06,3.22
2021-06-15,40907.36,2557.03,366.57,1.56,39.54,6.69,14.88,24.36,1.63,12.95,1.03,3.22
2021-06-16,38923.61,2377.84,347.19,1.48,39.71,6.18,14.07,23.03,1.48,13.42,1.02,3.08
2021-06-17,38089.86,2373.18,352.86,1.48,39.26,6.16,14.85,22.53,1.5,13.62,1.06,3.09
2021-06-18,35779.22,2233.82,337.32,1.42,36.83,5.95,13.65,21.44,1.38,12.47,0.99,2.93
2021-06-19,35497.93,2165.65,334.1,1.38,35.19,5.73,13.38,20.22,1.36,11.86,0.94,2.86
2021-06-20,35596.77,2243.32,339.07,1.43,35.25,5.86,13.92,20.61,1.4,11.98,0.93,2.88
2021-06-21,31623.94,1886.63,270.86,1.17,26.61,4.84,11.2,15.71,1.1,9.52,0.75,2.25
2021-06-22,32530.81,1879.96,262.17,1.16,26.97,4.73,10.58,14.69,1.08,9.01,0.74,2.13
2021-06-23,33683.43,1968.68,296.27,1.25,30.84,5.19,11.46,15.8,1.18,9.61,0.83,2.15
2021-06-24,34660.07,1989.44,308.55,1.36,31.15,5.47,11.49,16.22,1.2,10.38,0.87,2.17
2021-06-25,31587.36,1809.4,280.87,1.25,28.63,5.05,10.24,14.42,1.04,9.07,0.79,1.89
2021-06-26,32291.06,1830.35,279.69,1.25,29.7,5.2,10.32,14.51,1.08,9.59,0.81,1.89
2021-06-27,34709.64,1983.06,291.02,1.34,31.91,5.42,10.95,15.01,1.11,10.09,0.84,1.96
2021-06-28,34495.24,2084.26,290.01,1.33,33.01,5.54,11.33,15.79,1.12,10.9,0.84,1.98
2021-06-29,35909.55,2165.32,300.73,1.37,33.95,6.01,11.92,16.3,1.17,11.64,0.88,2.1
2021-06-30,35047.24,2275.6,303.66,1.39,35.52,6.56,11.95,16.4,1.17,12.05,0.88,2.09
2021-07-01,33516.55,2107.12,287.53,1.33,33.29,5.89,11.19,15.18,1.07,11.04,0.83,2.07
2021-07-02,33698.75,2129.72,288.82,1.34,33.78,5.98,11.23,15.37,1.1,11.29,0.84,2.11
2021-07-03,34674.99,2227.16,298.18,1.4,34.5,5.81,11.51,15.52,1.12,11.8,0.88,2.26
2021-07-04,35285.5,2322.35,307.64,1.46,34.29,5.96,12.35,15.98,1.15,12.31,0.88,2.29
2021-07-05,33694.22,2196.57,302.04,1.4,32.91,6.02,12.04,15.23,1.1,13.55,0.87,2.17
2021-07-06,34222.14,2322.46,319.86,1.42,34.23,6.53,13.37,16.14,1.13,13.14,0.91,2.26
2021-07-07,33869.71,2316.71,327.65,1.4,36.68,7.1,13.1,16.87,1.13,12.94,0.91,2.31
2021-07-08,32884.78,2116.37,310.2,1.33,33.15,6.7,12.1,15.32,1.04,11.91,0.87,2.1
2021-07-09,33810.43,2146.13,316.98,1.35,33.32,8.1,12.55,15.68,1.05,13.18,0.91,2.09
2021-07-10,33522.06,2111.48,316.13,1.34,31.7,7.89,12.02,15.28,1.03,14.42,0.89,2.11
2021-07-11,34257.99,2139.67,321.89,1.35,32.17,8.43,12.42,15.47,1.04,14.07,0.89,2.17
2021-07-12,33087.18,2031.44,316.07,1.31,30.78,7.87,12.16,14.84,0.99,12.99,0.87,2.09
2021-07-13,32729.37,1940.55,308.94,1.26,29.14,7.12,11.91,14.19,0.95,12.1,0.87,1.95
2021-07-14,32838.41,1995.93,309.46,1.26,31.37,6.93,11.8,13.81,0.93,11.75,0.86,1.99
2021-07-15,31877.97,1919.38,316.03,1.23,28.55,6.67,11.39,13.09,0.88,11.47,0.83,1.93
2021-07-16,31395.1,1877.03,302.95,1.17,26.28,6.57,10.82,12.03,0.81,11.15,0.78,1.84
2021-07-17,31532.01,1900.13,300.58,1.17,26.79,6.5,10.96,12.3,0.8,11.02,0.78,1.94
2021-07-18,31801.53,1892.76,302.18,1.18,26.68,6.49,10.7,12.65,0.79,10.98,0.8,1.91
2021-07-19,30843.21,1819.06,280.56,1.12,24.51,5.97,10.18,11.46,0.73,9.98,0.75,1.73
2021-07-20,29807.79,1787.01,264.51,1.06,23.47,5.87,9.64,10.96,0.69,9.45,0.7,1.68
2021-07-21,32145.21,1996.0,293.24,1.17,26.67,6.61,10.43,12.34,0.89,10.46,0.77,1.83
2021-07-22,32287.33,2024.46,293.43,1.19,27.71,7.34,10.84,13.16,0.88,11.38,0.8,1.94
2021-07-23,33648.05,2125.32,299.4,1.21,28.53,7.89,11.09,13.41,0.95,11.45,0.81,1.94
2021-07-24,34279.27,2186.23,301.71,1.23,28.64,8.48,11.15,13.76,0.95,11.43,0.83,2.14
2021-07-25,35416.08,2192.34,302.82,1.23,28.26,8.26,11.25,13.75,0.94,11.46,0.89,2.16
2021-07-26,37258.11,2228.93,304.08,1.26,28.2,8.51,11.47,13.93,1.01,11.38,0.85,2.15
2021-07-27,39478.99,2300.97,313.63,1.28,28.13,9.52,11.93,14.38,1.04,11.71,0.86,2.24
2021-07-28,40047.37,2302.11,313.95,1.29,27.89,10.98,12.33,14.55,1.02,11.6,0.85,2.23
2021-07-29,40032.52,2383.51,317.12,1.29,31.26,11.05,12.43,15.26,1.03,11.8,0.85,2.26
2021-07-30,42229.81,2463.24,322.71,1.31,32.38,10.85,12.99,15.8,1.07,12.14,0.85,2.32
2021-07-31,41485.39,2532.48,332.61,1.32,36.77,10.74,13.55,16.79,1.08,12.6,0.84,2.4
2021-08-01,39871.31,2556.64,332.78,1.32,34.19,11.97,12.86,18.43,1.05,12.32,0.81,2.39
2021-08-02,39175.33,2608.73,330.7,1.31,33.19,12.33,13.0,17.99,1.05,12.48,0.82,2.35
2021-08-03,38214.82,2509.18,323.41,1.37,34.11,14.77,12.56,17.43,1.02,12.12,0.82,2.34
2021-08-04,39711.58,2724.0,334.79,1.38,35.77,14.52,13.7,19.15,1.05,12.81,0.83,2.46
2021-08-05,40906.73,2830.13,338.1,1.39,37.38,14.57,13.84,19.13,1.07,13.03,0.85,2.52
2021-08-06,42861.68,2892.95,342.54,1.4,39.53,14.52,14.77,20.43,1.08,13.59,0.86,2.53
2021-08-07,44623.76,3163.38,356.55,1.47,39.5,14.64,15.85,20.99,1.17,14.02,0.88,2.78
2021-08-08,43849.1,3015.47,342.09,1.43,37.68,13.43,14.83,19.67,1.08,13.14,0.83,2.56
2021-08-09,46278.25,3162.46,354.48,1.48,38.67,13.94,16.17,20.58,1.13,13.65,0.86,2.69
2021-08-10,45570.76,3141.08,372.04,1.68,40.67,16.71,16.44,20.61,1.16,14.11,0.88,2.86
2021-08-11,45547.32,3162.98,391.24,1.8,41.66,16.98,16.71,21.36,1.37,14.57,0.91,2.98
2021-08-12,44427.68,3047.03,385.89,1.83,41.11,16.6,16.58,20.77,1.32,14.07,0.88,3.34
2021-08-13,47824.71,3324.18,410.97,2.14,44.88,17.81,18.04,22.74,1.51,15.22,0.96,3.42
2021-08-14,47113.09,3266.35,409.02,2.19,44.16,17.4,18.11,22.86,1.44,15.57,0.93,3.25
2021-08-15,47019.24,3310.98,414.47,2.17,53.56,19.28,18.78,23.17,1.47,15.93,1.0,3.23
2021-08-16,45944.57,3148.88,416.23,2.07,62.16,21.93,19.1,24.45,1.42,15.81,0.95,3.47
2021-08-17,44702.68,3012.74,401.88,1.92,64.15,25.32,23.46,23.54,1.35,16.0,0.88,3.73
2021-08-18,44723.55,3015.7,396.31,2.11,72.72,30.73,30.0,23.88,1.33,17.96,0.92,4.44
2021-08-19,46779.78,3185.66,431.21,2.44,72.8,29.42,30.69,26.58,1.47,18.7,1.04,4.49
2021-08-20,49339.77,3285.65,455.03,2.46,78.69,30.66,39.15,28.16,1.55,18.94,1.14,4.41
2021-08-21,48874.23,3226.75,449.05,2.44,73.91,27.55,43.75,27.88,1.58,22.16,1.15,6.19
2021-08-22,49285.91,3240.78,449.01,2.71,72.69,28.0,43.67,27.7,1.62,21.85,1.16,5.46
2021-08-23,49513.11,3322.92,499.36,2.92,75.67,29.94,46.46,27.89,1.63,21.83,1.16,5.49
2021-08-24,47661.19,3172.35,471.72,2.72,70.58,29.64,55.53,25.08,1.47,19.55,1.04,5.05
2021-08-25,48996.14,3228.86,503.41,2.74,72.0,30.07,46.24,25.99,1.53,20.06,1.06,5.59
2021-08-26,46856.63,3094.2,478.23,2.53,74.88,26.98,41.34,23.93,1.37,17.93,0.99,4.87
2021-08-27,49094.13,3275.78,494.76,2.95,88.06,32.67,50.17,26.55,1.52,20.44,1.07,5.32
2021-08-28,48931.19,3247.33,486.48,2.85,96.26,35.06,50.24,25.98,1.46,21.33,1.04,5.72
2021-08-29,48804.89,3226.31,480.09,2.85,94.3,33.3,47.43,25.72,1.42,21.21,1.02,5.55
2021-08-30,47002.94,3230.4,460.44,2.74,110.3,33.45,41.43,26.04,1.32,22.16,1.02,5.33
2021-08-31,47132.96,3431.83,464.18,2.77,108.33,31.57,39.51,31.36,1.34,22.91,1.11,5.29
2021-09-01,48844.68,3829.88,489.63,2.87,110.76,31.77,42.5,33.2,1.47,25.43,1.16,5.5
2021-09-02,49274.88,3787.81,483.85,2.96,128.3,32.82,47.61,31.8,1.45,24.15,1.14,5.49
2021-09-03,49998.48,3938.47,488.67,2.97,146.46,31.74,45.91,33.58,1.46,24.11,1.22,6.17
2021-09-04,49943.87,3887.93,497.95,2.83,139.0,31.41,47.19,32.41,1.74,24.42,1.21,6.08
2021-09-05,51795.69,3952.78,505.11,2.91,142.11,34.48,48.18,34.45,1.68,25.74,1.32,6.14
2021-09-06,52699.02,3929.16,496.37,2.83,164.32,32.34,47.11,34.36,1.64,25.1,1.46,6.1
2021-09-07,46888.74,3435.88,418.94,2.52,173.52,27.93,37.94,27.97,1.36,21.09,1.28,8.67
2021-09-08,46072.84,3500.5,415.18,2.47,191.04,29.48,37.01,27.77,1.33,20.7,1.91,10.4
2021-09-09,46406.78,3426.27,421.43,2.52,187.9,30.61,40.79,29.84,1.37,26.84,2.3,9.74
2021-09-10,44858.85,3209.79,401.39,2.38,179.55,43.37,49.31,29.19,1.3,29.41,2.01,9.93
2021-09-11,45175.24,3267.53,405.15,2.64,179.1,39.21,57.05,31.57,1.32,27.33,1.99,9.06
2021-09-12,46036.39,3405.44,416.4,2.58,174.32,39.26,59.23,35.8,1.33,34.9,2.38,8.95
2021-09-13,44956.04,3286.09,399.24,2.4,169.72,37.2,53.18,34.85,1.25,35.82,2.16,8.21
2021-09-14,47130.68,3436.1,414.51,2.4,158.81,35.7,51.53,37.38,1.32,34.21,2.04,8.61
2021-09-15,48148.33,3615.55,431.43,2.51,158.8,36.73,57.89,36.48,1.42,34.12,2.02,9.25
2021-09-16,47757.27,3569.19,424.38,2.42,152.22,37.46,67.59,35.52,1.38,37.1,2.04,8.73
2021-09-17,47300.9,3399.47,406.68,2.35,147.56,34.45,70.1,33.03,1.42,33.46,1.92,8.32
2021-09-18,48302.46,3435.92,410.81,2.37,169.29,34.78,69.03,34.88,1.37,40.76,2.07,9.07
2021-09-19,47250.21,3329.14,408.6,2.28,152.85,32.94,70.08,33.85,1.32,44.29,1.97,10.06
2021-09-20,43005.41,2976.74,364.01,2.08,132.7,27.52,57.33,28.3,1.13,33.97,1.67,7.69
2021-09-21,40713.37,2765.58,344.36,1.99,124.21,25.14,58.99,26.38,1.05,30.44,1.58,6.7
2021-09-22,43573.12,3078.97,379.16,2.26,148.16,33.2,74.07,31.61,1.23,39.74,1.85,7.78
2021-09-23,44896.43,3154.77,383.76,2.33,149.98,36.19,76.47,33.43,1.23,41.52,2.0,9.18
2021-09-24,42847.9,2931.0,355.35,2.28,139.27,40.19,72.38,30.82,1.13,42.61,1.79,7.98
2021-09-25,42703.67,2924.53,349.84,2.3,136.15,37.9,68.32,29.84,1.12,39.49,1.73,7.62
2021-09-26,43189.16,3061.78,344.22,2.21,135.73,34.71,66.82,28.85,1.12,39.83,1.78,7.3
2021-09-27,42169.21,2926.96,335.63,2.13,136.39,36.81,66.36,27.73,1.08,37.22,1.67,6.89
2021-09-28,41039.93,2806.41,333.1,2.04,132.24,33.16,61.53,26.32,1.05,33.69,1.57,6.42
2021-09-29,41524.61,2850.45,367.65,2.07,135.28,34.15,65.45,27.27,1.1,33.86,1.61,6.64
2021-09-30,43825.76,3000.82,387.51,2.12,141.38,38.84,66.64,28.62,1.13,36.22,1.63,6.93
2021-10-01,48167.69,3311.24,421.7,2.26,161.67,37.78,67.71,31.96,1.27,37.87,1.77,7.83
2021-10-02,47660.8,3389.16,427.32,2.25,169.05,41.51,69.13,32.04,1.29,38.64,1.77,7.81
2021-10-03,48228.37,3419.66,430.71,2.25,173.05,42.79,68.72,32.12,1.33,38.78,1.99,8.04
2021-10-04,49245.05,3386.96,426.5,2.19,167.2,46.8,65.3,31.17,1.28,36.8,1.94,7.63
2021-10-05,51496.07,3516.42,442.36,2.23,164.67,44.69,64.62,31.41,1.32,36.77,1.95,7.99
2021-10-06,55333.01,3575.72,435.02,2.21,153.91,42.04,60.02,32.21,1.26,35.16,1.81,7.8
2021-10-07,53791.56,3587.63,438.52,2.28,154.31,46.53,61.54,33.99,1.28,36.68,1.89,8.28
2021-10-08,53964.73,3563.76,419.26,2.24,158.85,43.28,60.5,33.36,1.34,35.04,1.9,8.11
2021-10-09,54969.25,3576.05,421.96,2.27,156.86,42.5,60.64,36.34,1.35,35.17,1.89,8.04
2021-10-10,54685.67,3415.74,404.22,2.19,147.65,39.26,56.54,34.44,1.25,32.42,1.77,7.39
2021-10-11,57498.92,3543.43,413.28,2.17,144.85,39.17,55.32,34.14,1.24,32.02,1.72,7.42
2021-10-12,56003.88,3491.44,444.21,2.12,152.39,37.59,54.34,35.17,1.22,33.48,1.75,7.27
2021-10-13,57371.08,3607.53,470.76,2.19,148.04,36.59,55.01,41.69,1.24,34.55,1.84,7.24
2021-10-14,57355.1,3791.29,472.76,2.17,150.04,37.15,56.2,40.71,1.26,33.83,1.81,8.05
2021-10-15,61679.7,3869.14,474.33,2.22,163.16,36.98,56.35,43.28,1.6,33.07,1.75,7.87
2021-10-16,60876.52,3829.69,465.77,2.18,157.54,36.62,57.61,41.75,1.51,33.12,1.8,7.86
2021-10-17,61524.83,3847.06,470.95,2.16,160.11,36.16,56.1,42.12,1.46,32.44,1.77,7.79
2021-10-18,62017.59,3745.09,484.88,2.13,157.14,35.82,55.51,41.17,1.48,31.88,1.74,7.84
2021-10-19,64293.39,3877.96,488.21,2.11,155.85,37.72,56.82,41.35,1.47,35.0,1.71,8.19
2021-10-20,66038.33,4163.58,501.3,2.19,176.77,42.63,59.65,44.43,1.54,35.93,1.79,8.73
2021-10-21,62229.47,4054.62,470.95,2.14,190.5,40.95,61.48,42.85,1.51,34.32,1.78,9.48
2021-10-22,60679.01,3971.27,479.18,2.16,196.26,43.7,65.53,43.5,1.52,34.07,1.86,9.11
2021-10-23,61297.14,4168.02,485.51,2.17,197.75,43.13,65.4,43.96,1.64,35.69,1.91,9.31
2021-10-24,60873.55,4083.33,475.81,2.12,202.25,41.41,64.54,42.3,1.57,34.26,1.82,9.6
2021-10-25,63085.86,4220.88,485.06,2.15,209.7,42.86,69.74,44.55,1.67,35.3,2.05,12.31
2021-10-26,60337.94,4132.07,478.19,2.14,199.85,43.89,68.7,44.93,1.73,43.05,2.04,12.31
2021-10-27,58475.9,3925.58,449.12,1.91,184.65,39.95,61.66,40.48,1.76,36.79,1.8,10.86
2021-10-28,60608.59,4288.15,492.34,1.99,195.43,42.96,64.37,41.84,2.13,38.03,1.85,11.36
2021-10-29,62292.15,4419.96,530.39,2.02,200.46,45.7,64.86,44.2,2.02,39.57,1.88,11.59
2021-10-30,61889.93,4324.12,528.57,1.96,195.84,43.33,62.38,42.75,1.87,37.3,1.82,10.49
2021-10-31,61349.8,4290.56,525.01,1.97,202.67,42.94,64.54,42.8,1.94,37.25,1.83,10.17
2021-11-01,60954.44,4323.1,551.64,1.95,204.03,44.1,64.99,50.01,1.9,37.31,1.83,10.15
2021-11-02,63269.55,4593.6,554.86,1.97,221.06,44.78,67.82,51.7,1.94,37.11,1.87,10.47
2021-11-03,62927.54,4605.19,568.67,2.06,243.46,48.0,75.69,53.37,2.04,38.52,1.93,10.96
2021-11-04,61456.7,4537.11,559.76,1.98,247.25,51.98,79.07,53.88,1.92,37.54,1.86,10.61
2021-11-05,61016.51,4479.14,607.93,1.98,236.33,49.95,74.26,51.83,1.9,36.8,1.84,10.38
2021-11-06,61528.84,4522.19,638.27,2.01,258.65,51.22,78.75,52.07,1.89,36.25,1.84,10.2
2021-11-07,63319.18,4616.58,650.09,2.02,249.82,50.58,87.67,52.25,1.89,35.75,1.87,10.34
2021-11-08,67553.51,4810.53,653.82,2.13,248.4,54.16,91.24,53.38,1.89,36.64,2.05,10.72
2021-11-09,66952.04,4732.76,634.94,2.27,239.08,50.24,88.4,50.77,1.78,35.82,1.95,11.37
2021-11-10,64916.89,4632.04,614.64,2.1,233.29,48.77,85.34,46.77,1.7,32.1,1.93,10.78
2021-11-11,64815.88,4722.41,628.82,2.08,233.53,50.49,88.02,47.47,1.75,32.95,2.02,12.05
2021-11-12,64148.8,4667.95,627.15,2.05,228.58,49.59,84.83,45.91,1.72,32.05,2.15,11.41
2021-11-13,64408.4,4646.42,649.71,2.05,241.69,52.09,97.6,47.09,1.75,32.51,2.08,11.16
2021-11-14,65529.22,4627.86,650.85,2.04,238.68,51.07,95.45,46.4,1.73,31.93,1.98,11.86
2021-11-15,63613.28,4564.14,633.87,2.02,238.18,48.14,93.9,44.77,1.69,31.45,1.89,11.08
2021-11-16,60101.09,4211.46,589.16,1.88,219.19,43.26,97.9,40.87,1.56,28.3,1.72,9.68
2021-11-17,60374.03,4290.52,578.25,1.88,219.02,43.25,107.7,42.78,1.64,29.43,1.66,9.42
2021-11-18,56922.44,3998.96,532.12,1.79,195.21,40.29,100.7,39.05,1.5,26.65,1.85,8.81
2021-11-19,58113.42,4299.2,581.5,1.86,215.44,42.41,112.09,41.26,1.62,28.14,1.88,9.43
2021-11-20,59763.42,4416.45,604.89,1.92,217.88,45.24,125.96,42.13,1.67,29.46,1.84,9.81
2021-11-21,58687.19,4263.27,584.62,1.84,230.77,43.54,128.63,41.98,1.6,30.92,1.83,9.68
2021-11-22,56287.3,4089.0,559.71,1.78,215.79,41.12,134.97,39.51,1.56,32.18,1.74,9.28
2021-11-23,57566.32,4341.19,591.26,1.75,221.91,42.72,123.89,40.78,1.75,32.06,1.84,9.98
2021-11-24,57167.94,4271.74,590.67,1.67,205.8,38.57,115.27,38.3,1.69,29.64,1.74,9.29
2021-11-25,58993.31,4526.93,639.37,1.68,210.11,43.58,119.29,39.5,1.93,29.77,1.82,9.28
2021-11-26,53771.64,4044.69,587.69,1.53,192.53,41.16,104.37,34.58,1.64,27.09,1.61,8.27
2021-11-27,54773.01,4099.14,600.43,1.55,192.95,43.92,113.66,35.19,1.61,26.75,1.68,8.32
2021-11-28,57324.8,4298.49,612.09,1.6,200.92,50.18,110.57,35.79,1.65,27.42,1.71,8.4
2021-11-29,57835.29,4448.93,624.14,1.6,204.29,51.67,120.59,37.14,1.82,28.12,1.77,8.44
2021-11-30,56980.61,4630.73,622.72,1.55,208.64,59.65,120.58,37.96,1.79,27.54,1.81,8.75
2021-12-01,57219.38,4586.5,627.88,1.55,229.92,64.01,119.72,36.79,2.01,26.67,1.96,8.51
2021-12-02,56520.9,4514.77,620.39,1.72,233.76,66.34,107.84,35.78,2.12,28.38,1.89,8.24
2021-12-03,53650.62,4218.89,595.51,1.56,211.82,63.53,108.48,33.73,2.27,32.86,1.75,9.13
2021-12-04,49237.93,4124.15,569.54,1.42,201.01,75.26,93.16,29.43,1.98,28.23,1.65,7.98
2021-12-05,49466.51,4202.36,558.56,1.38,196.67,68.21,86.48,28.35,2.05,24.64,1.77,7.35
2021-12-06,50513.5,4353.47,588.36,1.42,193.85,67.05,93.09,28.17,2.28,24.37,1.76,7.27
2021-12-07,50631.72,4310.04,579.2,1.38,190.38,68.81,89.65,30.52,2.35,24.31,1.69,7.6
2021-12-08,50514.82,4440.85,607.76,1.4,194.76,75.16,93.25,29.86,2.42,25.34,1.7,9.34
2021-12-09,47580.71,4107.88,570.6,1.29,181.28,66.52,85.5,26.92,2.09,22.47,1.55,9.75
2021-12-10,47177.64,3901.35,552.93,1.21,167.55,60.95,80.69,26.45,2.09,22.56,1.46,10.0
2021-12-11,49413.99,4091.24,564.8,1.35,172.19,60.19,86.57,27.82,2.14,24.4,1.53,11.62
2021-12-12,50095.84,4133.19,570.81,1.35,172.93,62.05,88.06,29.55,2.09,24.51,1.54,10.57
2021-12-13,46734.83,3784.87,521.27,1.22,155.25,52.99,79.12,25.98,1.82,21.76,1.32,9.11
2021-12-14,48371.07,3861.36,528.33,1.27,161.38,60.22,87.24,26.17,1.94,21.81,1.38,9.33
2021-12-15,48888.31,4021.35,541.33,1.31,178.56,61.66,101.29,27.15,2.13,22.33,1.43,9.86
2021-12-16,47644.43,3958.8,526.28,1.24,176.9,64.25,98.25,26.02,2.07,21.82,1.39,9.24
2021-12-17,46158.84,3877.03,525.7,1.22,175.57,65.61,110.84,24.65,2.13,21.21,1.35,8.41
2021-12-18,46858.71,3961.92,534.21,1.24,182.9,74.29,115.97,25.5,2.23,23.17,1.38,8.44
2021-12-19,46696.19,3925.38,529.87,1.24,180.02,78.22,107.65,24.79,2.22,22.17,1.36,9.02
2021-12-20,46919.46,3945.16,524.09,1.24,173.98,82.08,113.53,24.07,2.13,21.53,1.3,8.53
2021-12-21,48913.55,4016.8,528.72,1.28,179.75,87.33,123.29,25.17,2.37,23.64,1.36,9.26
2021-12-22,48607.97,3980.86,533.74,1.33,178.44,85.38,116.71,27.23,2.5,27.39,1.36,10.83
2021-12-23,50840.98,4112.39,549.1,1.47,190.11,94.42,121.44,29.16,2.68,28.36,1.47,13.73
2021-12-24,50841.17,4048.33,542.36,1.39,190.48,95.84,114.97,28.15,2.47,26.9,1.58,14.97
2021-12-25,50433.01,4097.16,547.68,1.45,193.12,98.37,115.0,28.86,2.64,29.7,1.58,15.24
2021-12-26,50801.8,4065.29,546.67,1.46,197.93,99.66,115.09,31.33,2.88,32.14,1.61,16.26
2021-12-27,50713.32,4038.47,563.84,1.52,195.73,90.93,113.89,30.97,2.73,29.72,1.66,14.76
2021-12-28,47549.77,3793.25,534.26,1.4,177.28,85.2,107.05,27.84,2.49,26.58,1.47,13.33
2021-12-29,46471.42,3630.12,514.55,1.33,170.65,84.16,103.1,26.82,2.48,27.95,1.58,14.91
2021-12-30,47127.7,3709.83,518.55,1.36,172.53,84.72,101.75,27.54,2.55,30.17,1.73,15.43
2021-12-31,46209.11,3676.3,511.44,1.31,169.94,85.48,109.42,26.67,2.52,32.41,1.66,14.62
2022-01-01,47738.09,3766.53,527.48,1.38,179.16,91.69,114.2,28.6,2.57,36.34,1.74,15.18
2022-01-02,47300.26,3829.9,531.18,1.38,176.39,89.47,113.12,29.69,2.55,35.54,1.67,14.39
2022-01-03,46448.55,3765.59,511.88,1.32,170.13,88.86,108.1,30.11,2.43,39.25,1.79,16.49
2022-01-04,45828.0,3784.98,506.88,1.31,167.74,84.54,103.32,28.69,2.37,42.08,1.67,16.03
2022-01-05,43443.74,3539.52,474.03,1.23,154.47,78.45,97.4,26.71,2.18,38.66,1.56,15.31
2022-01-06,43086.87,3406.7,472.63,1.28,150.25,78.41,95.13,26.71,2.25,40.07,1.56,15.93
2022-01-07,41555.91,3197.9,448.01,1.21,136.4,68.77,86.76,24.89,2.05,38.56,1.45,15.05
2022-01-08,41686.82,3081.15,429.92,1.18,142.15,66.94,83.91,23.99,1.99,35.88,1.39,13.82
2022-01-09,41868.4,3151.83,438.75,1.17,140.83,74.47,89.34,24.63,2.11,34.99,1.4,13.52
2022-01-10,41831.12,3083.55,424.83,1.12,135.89,69.46,84.43,23.72,2.07,37.86,1.36,15.47
2022-01-11,42742.68,3240.63,463.73,1.19,140.25,73.52,89.61,25.56,2.36,38.7,1.45,18.05
2022-01-12,43920.94,3372.92,488.0,1.31,151.54,81.9,96.01,27.33,2.4,40.24,1.5,17.58
2022-01-13,42573.11,3241.8,475.31,1.23,146.18,78.38,89.7,25.8,2.27,37.62,1.36,19.63
2022-01-14,43085.57,3309.55,490.25,1.29,146.22,81.53,90.42,27.76,2.34,40.44,1.38,20.19
2022-01-15,43095.62,3327.49,494.69,1.29,147.7,87.24,93.04,27.61,2.35,39.13,1.38,19.28
2022-01-16,43094.37,3348.71,498.84,1.41,148.02,87.14,92.3,27.7,2.33,43.68,1.43,20.15
2022-01-17,42221.05,3211.01,475.42,1.6,139.85,77.13,86.69,25.69,2.22,39.15,1.34,17.7
2022-01-18,42372.25,3161.43,471.61,1.46,141.3,80.76,86.04,25.15,2.12,38.27,1.32,17.71
2022-01-19,41675.09,3085.07,462.06,1.34,135.3,81.14,82.64,24.07,2.03,37.04,1.27,16.22
2022-01-20,40686.31,3001.89,440.25,1.26,127.54,77.35,79.33,23.01,1.96,38.99,1.16,15.26
2022-01-21,36467.14,2569.21,384.06,1.12,112.32,64.78,66.09,19.68,1.7,34.62,1.03,13.23
2022-01-22,35078.71,2412.52,358.41,1.07,94.63,62.89,59.81,18.27,1.54,29.26,0.95,11.41
2022-01-23,36276.73,2541.29,384.22,1.13,99.83,69.81,64.86,18.82,1.62,34.63,0.99,11.7
2022-01-24,36688.14,2441.31,371.47,1.07,91.98,66.05,63.07,18.03,1.51,36.03,0.91,10.72
2022-01-25,36981.47,2460.44,385.4,1.04,94.73,62.9,68.06,18.32,1.56,35.89,0.92,12.14
2022-01-26,36833.92,2464.54,375.32,1.08,92.17,58.78,65.89,18.08,1.59,32.37,0.92,11.3
2022-01-27,37181.24,2425.46,390.07,1.04,89.57,54.19,64.72,18.13,1.59,30.06,0.94,10.54
2022-01-28,37739.46,2546.88,386.1,1.05,91.39,50.41,67.05,18.35,1.67,29.49,0.96,10.77
2022-01-29,38182.04,2602.39,389.44,1.06,96.21,50.94,71.93,18.74,1.7,29.09,0.97,11.05
2022-01-30,37905.14,2603.06,377.37,1.04,93.33,46.32,68.0,18.16,1.6,27.2,0.95,10.36
2022-01-31,38490.07,2688.45,374.61,1.05,99.55,52.15,69.91,19.38,1.64,28.07,0.95,11.12
2022-02-01,38721.01,2789.7,384.4,1.1,110.09,52.2,73.36,19.58,1.65,28.86,0.97,11.22
2022-02-02,36920.35,2682.01,367.18,1.03,101.93,47.57,67.85,18.77,1.54,26.34,0.92,10.87
2022-02-03,37331.44,2697.14,372.5,1.06,101.89,51.17,68.48,18.93,1.56,29.7,0.94,10.97
2022-02-04,41603.03,2997.03,399.82,1.14,112.68,53.96,77.85,20.5,1.7,31.12,1.0,12.99
2022-02-05,41413.95,3015.01,414.04,1.13,113.82,55.41,77.09,21.35,1.71,30.75,1.0,12.83
2022-02-06,42411.44,3057.56,420.28,1.14,115.35,56.1,79.01,21.92,1.74,31.3,1.03,13.5
2022-02-07,43870.0,3141.85,433.78,1.2,117.63,59.46,83.24,22.37,2.02,31.64,1.07,13.51
2022-02-08,44080.89,3119.37,408.19,1.18,113.53,57.29,86.42,21.68,1.94,30.42,1.02,12.79
2022-02-09,44417.16,3246.82,423.28,1.2,114.06,57.58,90.13,21.96,2.04,30.96,1.04,13.01
2022-02-10,43530.95,3074.79,415.03,1.15,106.24,52.23,91.22,20.52,1.9,29.1,0.98,11.8
2022-02-11,42395.75,2928.99,400.19,1.08,96.55,50.38,81.8,18.99,1.72,26.58,0.92,10.86
2022-02-12,42235.97,2919.71,403.69,1.06,95.98,52.17,81.33,18.83,1.7,27.06,0.92,10.8
2022-02-13,42075.72,2872.44,398.12,1.04,92.89,51.68,77.95,18.74,1.66,26.19,0.9,10.39
2022-02-14,42548.44,2930.86,403.57,1.05,96.41,53.82,81.88,18.71,1.66,27.15,0.9,10.56
2022-02-15,44574.62,3185.82,432.65,1.11,105.59,56.86,93.04,20.18,1.87,28.99,0.97,11.52
2022-02-16,43899.18,3124.07,427.55,1.08,101.91,56.07,95.37,19.77,1.84,28.51,0.98,11.22
2022-02-17,40544.62,2894.01,402.69,1.02,93.58,50.32,88.3,18.17,1.66,28.08,0.9,10.46
2022-02-18,39996.21,2780.61,399.35,1.0,89.92,50.63,83.72,17.83,1.59,26.86,0.89,10.28
2022-02-21,37033.98,2569.87,356.85,0.86,83.0,50.16,70.08,16.19,1.41,23.84,0.79,8.55
2022-02-22,38256.55,2638.05,374.48,0.89,86.44,54.77,74.46,16.61,1.46,24.83,0.81,8.97
2022-02-23,37271.51,2581.05,365.82,0.87,84.63,59.62,73.51,15.98,1.44,25.17,0.79,8.56
2022-02-24,38354.78,2598.06,361.44,0.85,89.41,65.19,76.44,16.17,1.44,24.87,0.78,8.49
2022-02-25,39242.86,2769.93,375.24,0.9,92.8,73.16,81.03,17.27,1.55,27.29,0.83,8.94
2022-02-26,39134.03,2780.59,373.87,0.89,90.27,78.17,81.82,18.04,1.52,29.89,0.86,9.12
2022-02-27,37716.35,2618.01,360.22,0.86,85.66,72.59,75.09,17.51,1.45,26.78,0.8,8.51
2022-02-28,43192.81,2922.79,395.82,0.96,99.73,91.39,84.59,18.95,1.61,31.38,0.87,9.76
2022-03-01,44436.24,2977.29,408.87,0.96,98.69,89.73,86.94,18.9,1.62,31.15,0.86,11.81
2022-03-02,43920.42,2948.87,409.48,0.94,100.74,92.33,83.4,18.62,1.64,32.25,0.82,11.09
2022-03-03,42461.09,2834.22,402.63,0.9,95.63,90.53,78.51,18.02,1.59,34.04,0.8,11.04
2022-03-04,39155.57,2622.82,374.3,0.84,88.33,83.46,75.8,16.78,1.48,30.49,0.76,10.43
2022-03-05,39405.13,2665.78,384.79,0.86,89.64,87.56,76.7,17.33,1.51,30.87,0.77,10.51
2022-03-06,38418.0,2550.88,374.99,0.82,84.56,79.21,72.49,16.99,1.43,28.15,0.75,10.09
2022-03-07,38001.05,2492.0,380.69,0.79,81.68,77.82,71.71,16.41,1.41,28.3,0.73,9.66
2022-03-08,38746.55,2577.17,381.53,0.8,82.34,85.32,73.01,16.97,1.45,27.87,0.74,9.73
2022-03-09,41957.16,2728.04,393.36,0.85,88.1,99.24,77.64,17.86,1.51,30.06,0.77,11.6
2022-03-10,39439.81,2607.93,372.18,0.81,82.91,101.22,73.96,16.97,1.44,28.04,0.73,11.05
2022-03-11,38733.33,2556.95,371.93,0.79,80.68,88.42,71.23,17.69,1.4,27.47,0.7,10.25
2022-03-12,38806.98,2568.79,372.41,0.79,81.4,86.05,70.94,18.14,1.4,27.22,0.71,10.33
2022-03-13,37786.21,2516.21,361.49,0.79,78.75,87.41,67.96,17.22,1.36,26.25,0.68,9.85
2022-03-14,39677.18,2589.99,373.46,0.8,81.23,94.88,68.98,17.7,1.38,26.83,0.71,10.13
2022-03-15,39303.54,2619.29,371.89,0.8,82.87,88.53,69.85,17.82,1.38,26.92,0.72,10.12
2022-03-16,41131.45,2774.94,385.56,0.84,87.81,89.2,74.12,19.06,1.47,28.97,0.74,10.82
2022-03-17,40941.12,2813.75,392.02,0.84,87.86,86.88,79.45,18.76,1.45,28.18,0.74,10.73
2022-03-18,41775.23,2939.96,397.35,0.85,89.83,88.58,85.74,18.96,1.5,28.62,0.76,11.36
2022-03-19,42227.21,2952.43,400.09,0.9,92.38,92.18,89.59,19.41,1.53,28.66,0.77,11.3
2022-03-20,41275.42,2862.37,390.91,0.88,88.63,90.66,84.87,18.66,1.47,27.84,0.74,10.66
2022-03-21,41021.11,2891.33,396.15,0.92,88.63,95.81,86.28,18.75,1.47,27.94,0.83,10.87
2022-03-22,42379.86,2970.65,404.46,0.98,90.47,93.1,84.0,20.22,1.51,28.03,0.83,11.07
2022-03-23,42899.62,3037.42,408.54,1.11,94.91,94.9,86.03,21.02,1.56,28.25,0.84,12.5
2022-03-24,44013.21,3112.42,414.38,1.13,102.38,93.69,87.61,21.27,1.63,29.28,0.89,12.9
2022-03-25,44329.92,3103.8,410.47,1.1,98.64,90.43,83.58,20.54,1.58,28.13,0.89,12.23
2022-03-26,44535.51,3146.57,416.1,1.15,101.79,91.42,85.93,20.92,1.61,28.8,0.91,12.72
2022-03-27,46842.64,3296.66,430.69,1.18,107.07,94.14,89.9,22.47,1.7,29.96,0.95,13.2
2022-03-28,47138.51,3333.95,430.28,1.17,105.81,97.22,89.6,21.99,1.66,29.37,0.91,12.65
2022-03-29,47449.78,3401.93,434.36,1.19,111.66,109.06,92.78,22.44,1.68,30.24,0.92,14.11
2022-03-30,47075.08,3386.38,442.2,1.19,120.82,106.03,95.59,22.45,1.68,30.04,0.93,14.04
2022-03-31,45537.67,3283.47,427.98,1.15,123.38,103.33,97.14,21.4,1.62,28.82,0.91,13.32
2022-04-01,46298.59,3456.35,447.85,1.17,134.56,105.93,96.87,22.07,1.7,29.42,0.94,14.75
2022-04-02,45822.88,3445.71,437.05,1.16,132.24,115.34,96.02,22.62,1.65,31.38,0.91,14.82
2022-04-03,46414.53,3522.36,450.41,1.19,136.9,112.9,98.06,23.21,1.69,31.97,0.94,16.81
2022-04-04,46594.42,3520.29,447.73,1.21,132.16,116.43,96.18,22.9,1.65,30.85,0.88,17.11
